HAT-P-7 System,http://bit.ly/2Iz4jPB,

Name: HAT-P-7, Mass: 1391400.0Kg, Radius: 3.1027152E30Km, Temp: 6389.0C, PictureURL: http://bit.ly/336nzNZ,[
Name: HAT-P-7 b, Mass: 107952.92Kg, Radius: 3.4923200000000003E27Km, SemiMajorAxis: 0.0, Eccentricity: 0.0, OrbitalPeriod: 2.20474, PictureURL: http://bit.ly/2Q2PngD]

Kepler-1397 System,http://bit.ly/2Iz4jPB,

Name: Kepler-1397, Mass: 779184.0000000001Kg, Radius: 2.1679228E30Km, Temp: 6026.0C, PictureURL: http://bit.ly/336nzNZ,[
Name: Kepler-1397 b, Mass: 10938.276Kg, Radius: 0.0Km, SemiMajorAxis: 0.0, Eccentricity: 0.0, OrbitalPeriod: 47.449955, PictureURL: http://bit.ly/2Q2PngD]

OGLE2-TR-L9 System,http://bit.ly/2Iz4jPB,

Name: OGLE2-TR-L9, Mass: 1064421.0Kg, Radius: 3.0231584E30Km, Temp: 6933.0C, PictureURL: http://bit.ly/336nzNZ,[
Name: OGLE2-TR-L9 b, Mass: 115102.12000000001Kg, Radius: 8.541E27Km, SemiMajorAxis: 4607614.4268000005, Eccentricity: 0.0, OrbitalPeriod: 2.4855335, PictureURL: http://bit.ly/2Q2PngD]

K2-100 System,http://bit.ly/2Iz4jPB,

Name: K2-100, Mass: 848754.0Kg, Radius: 2.4463715999999998E30Km, Temp: 6168.0C, PictureURL: http://bit.ly/336nzNZ,[
Name: K2-100 b, Mass: 22877.44Kg, Radius: 0.0Km, SemiMajorAxis: 4428096.9816000005, Eccentricity: 0.0, OrbitalPeriod: 1.673833, PictureURL: http://bit.ly/2Q2PngD]

CoRoT-12 System,http://bit.ly/2Iz4jPB,

Name: CoRoT-12, Mass: 779184.0000000001Kg, Radius: 2.1480336E30Km, Temp: 5675.0C, PictureURL: http://bit.ly/336nzNZ,[
Name: CoRoT-12 b, Mass: 102948.48Kg, Radius: 1.740466E27Km, SemiMajorAxis: 6007850.49936, Eccentricity: 0.07, OrbitalPeriod: 2.828042, PictureURL: http://bit.ly/2Q2PngD]

Kepler-256 System,http://bit.ly/2Iz4jPB,

Name: Kepler-256, Mass: 904410.0Kg, Radius: 0.0Km, Temp: 5551.0C, PictureURL: http://bit.ly/336nzNZ,[
Name: Kepler-256 b, Mass: 10151.864Kg, Radius: 0.0Km, SemiMajorAxis: 4039142.517, Eccentricity: 0.0, OrbitalPeriod: 1.620493, PictureURL: http://bit.ly/2Q2PngD, 
Name: Kepler-256 c, Mass: 13726.464Kg, Radius: 0.0Km, SemiMajorAxis: 6731904.194999999, Eccentricity: 0.0, OrbitalPeriod: 3.38802, PictureURL: http://bit.ly/2Q2PngD, 
Name: Kepler-256 d, Mass: 15799.732Kg, Radius: 0.0Km, SemiMajorAxis: 9574263.744, Eccentricity: 0.0, OrbitalPeriod: 5.839172, PictureURL: http://bit.ly/2Q2PngD, 
Name: Kepler-256 e, Mass: 15013.32Kg, Radius: 0.0Km, SemiMajorAxis: 1.4361395616E7, Eccentricity: 0.0, OrbitalPeriod: 10.681572, PictureURL: http://bit.ly/2Q2PngD]

Kepler-424 System,http://bit.ly/2Iz4jPB,

Name: Kepler-424, Mass: 653958.0Kg, Radius: 2.0088092E30Km, Temp: 5460.0C, PictureURL: http://bit.ly/336nzNZ,[
Name: Kepler-424 b, Mass: 63627.88Kg, Radius: 1.95494E27Km, SemiMajorAxis: 6582306.324, Eccentricity: 0.0, OrbitalPeriod: 3.3118644, PictureURL: http://bit.ly/2Q2PngD, 
Name: Kepler-424 c, Mass: 0.0Kg, Radius: 1.322906E28Km, SemiMajorAxis: 1.0920644583E8, Eccentricity: 0.0, OrbitalPeriod: 223.3, PictureURL: http://bit.ly/2Q2PngD]

Kepler-100 System,http://bit.ly/2Iz4jPB,

Name: Kepler-100, Mass: 1036593.0Kg, Radius: 2.1480336E30Km, Temp: 5825.0C, PictureURL: http://bit.ly/336nzNZ,[
Name: Kepler-100 b, Mass: 8436.055999999999Kg, Radius: 4.3654E25Km, SemiMajorAxis: 0.0, Eccentricity: 0.0, OrbitalPeriod: 6.88705, PictureURL: http://bit.ly/2Q2PngD, 
Name: Kepler-100 c, Mass: 14012.432Kg, Radius: 4.209764E25Km, SemiMajorAxis: 0.0, Eccentricity: 0.0, OrbitalPeriod: 12.8159, PictureURL: http://bit.ly/2Q2PngD, 
Name: Kepler-100 d, Mass: 10294.848Kg, Radius: 1.791712E25Km, SemiMajorAxis: 0.0, Eccentricity: 0.0, OrbitalPeriod: 35.3331, PictureURL: http://bit.ly/2Q2PngD]

WASP-38 System,http://bit.ly/2Iz4jPB,

Name: WASP-38, Mass: 1057464.0Kg, Radius: 3.5004992E30Km, Temp: 6180.0C, PictureURL: http://bit.ly/336nzNZ,[
Name: WASP-38 b, Mass: 87935.16Kg, Radius: 6.52912E27Km, SemiMajorAxis: 0.0, Eccentricity: 0.03, OrbitalPeriod: 6.87188, PictureURL: http://bit.ly/2Q2PngD]

Kepler-278 System,http://bit.ly/2Iz4jPB,

Name: Kepler-278, Mass: 2045358.0Kg, Radius: 0.0Km, Temp: 4991.0C, PictureURL: http://bit.ly/336nzNZ,[
Name: Kepler-278 b, Mass: 25951.595999999998Kg, Radius: 0.0Km, SemiMajorAxis: 3.0966759297E7, Eccentricity: 0.0, OrbitalPeriod: 30.160546, PictureURL: http://bit.ly/2Q2PngD, 
Name: Kepler-278 c, Mass: 22877.44Kg, Radius: 0.0Km, SemiMajorAxis: 4.3981774074E7, Eccentricity: 0.0, OrbitalPeriod: 51.078775, PictureURL: http://bit.ly/2Q2PngD]

Kepler-1639 System,http://bit.ly/2Iz4jPB,

Name: Kepler-1639, Mass: 820926.0Kg, Radius: 2.2275904000000002E30Km, Temp: 6150.0C, PictureURL: http://bit.ly/336nzNZ,[
Name: Kepler-1639 b, Mass: 16443.16Kg, Radius: 0.0Km, SemiMajorAxis: 0.0, Eccentricity: 0.0, OrbitalPeriod: 9.878482, PictureURL: http://bit.ly/2Q2PngD]

Solar System,http://bit.ly/3cVhuZc,

Name: Sun, Mass: 695342.0Kg, Radius: 1.9885E30Km, Temp: 5777.0C, PictureURL: http://bit.ly/333CTus,[
Name: Mercury, Mass: 2439.7Kg, Radius: 3.283E23Km, SemiMajorAxis: 0.387, Eccentricity: 0.206, OrbitalPeriod: 88.0, PictureURL: http://bit.ly/2TB2Heo, 
Name: Venus, Mass: 6051.8Kg, Radius: 4.867E24Km, SemiMajorAxis: 0.723, Eccentricity: 0.007, OrbitalPeriod: 225.0, PictureURL: http://bit.ly/2W3p4L9, 
Name: Earth, Mass: 6371.0Kg, Radius: 5.972E24Km, SemiMajorAxis: 1.0, Eccentricity: 0.017, OrbitalPeriod: 365.0, PictureURL: http://bit.ly/33bvXLZ, 
Name: Mars, Mass: 3389.5Kg, Radius: 6.39E23Km, SemiMajorAxis: 1.524, Eccentricity: 0.093, OrbitalPeriod: 687.0, PictureURL: http://bit.ly/3aGyFvr, 
Name: Jupiter, Mass: 69911.0Kg, Radius: 1.898E27Km, SemiMajorAxis: 5.2044, Eccentricity: 0.049, OrbitalPeriod: 4380.0, PictureURL: http://bit.ly/2Q0fjK3, 
Name: Saturn, Mass: 58232.0Kg, Radius: 5.683E26Km, SemiMajorAxis: 9.5826, Eccentricity: 0.057, OrbitalPeriod: 10585.0, PictureURL: http://bit.ly/2W0sqic, 
Name: Uranus, Mass: 25362.0Kg, Radius: 8.681E25Km, SemiMajorAxis: 19.2184, Eccentricity: 0.046, OrbitalPeriod: 30660.0, PictureURL: http://bit.ly/335pbHy, 
Name: Neptune, Mass: 24622.0Kg, Radius: 1.024E26Km, SemiMajorAxis: 30.11, Eccentricity: 0.01, OrbitalPeriod: 60225.0, PictureURL: http://bit.ly/38AyEba]

HD 148156 System,http://bit.ly/2Iz4jPB,

Name: HD 148156, Mass: 841797.0Kg, Radius: 2.4264823999999998E30Km, Temp: 6308.0C, PictureURL: http://bit.ly/336nzNZ,[
Name: HD 148156 b, Mass: 0.0Kg, Radius: 1.6132999999999999E27Km, SemiMajorAxis: 3.6651478395000005E8, Eccentricity: 0.52, OrbitalPeriod: 1027.0, PictureURL: http://bit.ly/2Q2PngD]

KELT-9 System,http://bit.ly/2Iz4jPB,

Name: KELT-9, Mass: 1641852.0Kg, Radius: 5.0120784E30Km, Temp: 10170.0C, PictureURL: http://bit.ly/336nzNZ,[
Name: KELT-9 b, Mass: 135191.372Kg, Radius: 5.46624E27Km, SemiMajorAxis: 5179078.29402, Eccentricity: 0.0, OrbitalPeriod: 1.4811235, PictureURL: http://bit.ly/2Q2PngD]

Kepler-1136 System,http://bit.ly/2Iz4jPB,

Name: Kepler-1136, Mass: 473076.00000000006Kg, Radius: 1.4320224E30Km, Temp: 4512.0C, PictureURL: http://bit.ly/336nzNZ,[
Name: Kepler-1136 b, Mass: 10437.831999999999Kg, Radius: 0.0Km, SemiMajorAxis: 0.0, Eccentricity: 0.0, OrbitalPeriod: 2.36172433, PictureURL: http://bit.ly/2Q2PngD]

HD 38529 System,http://bit.ly/2Iz4jPB,

Name: HD 38529, Mass: 1780992.0Kg, Radius: 2.8043772E30Km, Temp: 5541.0C, PictureURL: http://bit.ly/336nzNZ,[
Name: HD 38529 b, Mass: 0.0Kg, Radius: 1.512706E27Km, SemiMajorAxis: 1.93579645074E7, Eccentricity: 0.28, OrbitalPeriod: 14.30944, PictureURL: http://bit.ly/2Q2PngD, 
Name: HD 38529 c, Mass: 0.0Kg, Radius: 2.465502E28Km, SemiMajorAxis: 5.4453625044E8, Eccentricity: 0.3407, OrbitalPeriod: 2136.1, PictureURL: http://bit.ly/2Q2PngD]

HD 28678 System,http://bit.ly/2Iz4jPB,

Name: HD 28678, Mass: 4508136.0Kg, Radius: 3.0430475999999997E30Km, Temp: 4972.0C, PictureURL: http://bit.ly/336nzNZ,[
Name: HD 28678 b, Mass: 0.0Kg, Radius: 2.926716E27Km, SemiMajorAxis: 1.7652548778E8, Eccentricity: 0.149, OrbitalPeriod: 380.2, PictureURL: http://bit.ly/2Q2PngD]

Kepler-44 System,http://bit.ly/2Iz4jPB,

Name: Kepler-44, Mass: 939195.0000000001Kg, Radius: 2.2275904000000002E30Km, Temp: 5800.0C, PictureURL: http://bit.ly/336nzNZ,[
Name: Kepler-44 b, Mass: 77926.28Kg, Radius: 1.898E27Km, SemiMajorAxis: 6672065.0466, Eccentricity: 0.066, OrbitalPeriod: 3.2467293, PictureURL: http://bit.ly/2Q2PngD]

WASP-170 System,http://bit.ly/2Iz4jPB,

Name: WASP-170, Mass: 653958.0Kg, Radius: 1.8496956E30Km, Temp: 5600.0C, PictureURL: http://bit.ly/336nzNZ,[
Name: WASP-170 b, Mass: 78355.232Kg, Radius: 3.0368E27Km, SemiMajorAxis: 5041448.2527, Eccentricity: 0.0, OrbitalPeriod: 2.34478022, PictureURL: http://bit.ly/2Q2PngD]

K2-122 System,http://bit.ly/2Iz4jPB,

Name: K2-122, Mass: 417420.0Kg, Radius: 1.2331304E30Km, Temp: 4027.0C, PictureURL: http://bit.ly/336nzNZ,[
Name: K2-122 b, Mass: 7721.1359999999995Kg, Radius: 0.0Km, SemiMajorAxis: 4263539.3235, Eccentricity: 0.0, OrbitalPeriod: 2.219282, PictureURL: http://bit.ly/2Q2PngD]

K2-278 System,http://bit.ly/2Iz4jPB,

Name: K2-278, Mass: 1120077.0Kg, Radius: 2.7844879999999997E30Km, Temp: 6747.0C, PictureURL: http://bit.ly/336nzNZ,[
Name: K2-278 b, Mass: 19016.872Kg, Radius: 0.0Km, SemiMajorAxis: 7300376.104800001, Eccentricity: 0.0, OrbitalPeriod: 3.334966, PictureURL: http://bit.ly/2Q2PngD]

Kepler-55 System,http://bit.ly/2Iz4jPB,

Name: Kepler-55, Mass: 431334.0Kg, Radius: 0.0Km, Temp: 4503.0C, PictureURL: http://bit.ly/336nzNZ,[
Name: Kepler-55 b, Mass: 15513.764Kg, Radius: 2.82802E27Km, SemiMajorAxis: 0.0, Eccentricity: 0.0, OrbitalPeriod: 27.9481449, PictureURL: http://bit.ly/2Q2PngD, 
Name: Kepler-55 c, Mass: 14083.924Kg, Radius: 2.10678E27Km, SemiMajorAxis: 0.0, Eccentricity: 0.0, OrbitalPeriod: 42.1516418, PictureURL: http://bit.ly/2Q2PngD, 
Name: Kepler-55 d, Mass: 10151.864Kg, Radius: 0.0Km, SemiMajorAxis: 4338338.259000001, Eccentricity: 0.0, OrbitalPeriod: 2.211099, PictureURL: http://bit.ly/2Q2PngD, 
Name: Kepler-55 e, Mass: 9865.896Kg, Radius: 0.0Km, SemiMajorAxis: 7180697.808, Eccentricity: 0.0, OrbitalPeriod: 4.617534, PictureURL: http://bit.ly/2Q2PngD, 
Name: Kepler-55 f, Mass: 10151.864Kg, Radius: 0.0Km, SemiMajorAxis: 1.2117427551E7, Eccentricity: 0.0, OrbitalPeriod: 10.198545, PictureURL: http://bit.ly/2Q2PngD]

Kepler-182 System,http://bit.ly/2Iz4jPB,

Name: Kepler-182, Mass: 800054.9999999999Kg, Radius: 0.0Km, Temp: 6250.0C, PictureURL: http://bit.ly/336nzNZ,[
Name: Kepler-182 b, Mass: 16443.16Kg, Radius: 0.0Km, SemiMajorAxis: 1.4361395616E7, Eccentricity: 0.0, OrbitalPeriod: 9.825792, PictureURL: http://bit.ly/2Q2PngD, 
Name: Kepler-182 c, Mass: 21876.552Kg, Radius: 0.0Km, SemiMajorAxis: 2.3486865747E7, Eccentricity: 0.0, OrbitalPeriod: 20.684342, PictureURL: http://bit.ly/2Q2PngD]

Kepler-1304 System,http://bit.ly/2Iz4jPB,

Name: Kepler-1304, Mass: 563517.0Kg, Radius: 1.690582E30Km, Temp: 5259.0C, PictureURL: http://bit.ly/336nzNZ,[
Name: Kepler-1304 b, Mass: 14584.367999999999Kg, Radius: 0.0Km, SemiMajorAxis: 0.0, Eccentricity: 0.0, OrbitalPeriod: 16.1288853, PictureURL: http://bit.ly/2Q2PngD]

Kepler-171 System,http://bit.ly/2Iz4jPB,

Name: Kepler-171, Mass: 584388.0Kg, Radius: 0.0Km, Temp: 5642.0C, PictureURL: http://bit.ly/336nzNZ,[
Name: Kepler-171 b, Mass: 14941.828Kg, Radius: 0.0Km, SemiMajorAxis: 7479893.550000001, Eccentricity: 0.0, OrbitalPeriod: 4.166972, PictureURL: http://bit.ly/2Q2PngD, 
Name: Kepler-171 c, Mass: 16300.176000000001Kg, Radius: 0.0Km, SemiMajorAxis: 1.4660591358000001E7, Eccentricity: 0.0, OrbitalPeriod: 11.463462, PictureURL: http://bit.ly/2Q2PngD, 
Name: Kepler-171 d, Mass: 12082.148000000001Kg, Radius: 0.0Km, SemiMajorAxis: 3.3360325233E7, Eccentricity: 0.0, OrbitalPeriod: 39.595519, PictureURL: http://bit.ly/2Q2PngD]

1RXS J160929.1-210524 System,http://bit.ly/2Iz4jPB,

Name: 1RXS J160929.1-210524, Mass: 0.0Kg, Radius: 1.690582E30Km, Temp: 4060.0C, PictureURL: http://bit.ly/336nzNZ,[
Name: 1RXS J160929.1-210524 b, Mass: 0.0Kg, Radius: 1.5184E28Km, SemiMajorAxis: 4.936729743E10, Eccentricity: 0.0, OrbitalPeriod: 0.0, PictureURL: http://bit.ly/2Q2PngD]

Kepler-66 System,http://bit.ly/2Iz4jPB,

Name: Kepler-66, Mass: 674829.0Kg, Radius: 2.0684768E30Km, Temp: 5962.0C, PictureURL: http://bit.ly/336nzNZ,[
Name: Kepler-66 b, Mass: 17873.0Kg, Radius: 0.0Km, SemiMajorAxis: 2.0225632159199998E7, Eccentricity: 0.0, OrbitalPeriod: 17.815815, PictureURL: http://bit.ly/2Q2PngD]

Kepler-8 System,http://bit.ly/2Iz4jPB,

Name: Kepler-8, Mass: 1036593.0Kg, Radius: 2.4065931999999998E30Km, Temp: 6213.0C, PictureURL: http://bit.ly/336nzNZ,[
Name: Kepler-8 b, Mass: 101232.67199999999Kg, Radius: 1.1198199999999999E27Km, SemiMajorAxis: 7090939.085399999, Eccentricity: 0.0, OrbitalPeriod: 3.5224991, PictureURL: http://bit.ly/2Q2PngD]

Kepler-965 System,http://bit.ly/2Iz4jPB,

Name: Kepler-965, Mass: 800054.9999999999Kg, Radius: 2.088366E30Km, Temp: 5886.0C, PictureURL: http://bit.ly/336nzNZ,[
Name: Kepler-965 b, Mass: 21590.584Kg, Radius: 0.0Km, SemiMajorAxis: 0.0, Eccentricity: 0.0, OrbitalPeriod: 134.2527298, PictureURL: http://bit.ly/2Q2PngD]

Kepler-976 System,http://bit.ly/2Iz4jPB,

Name: Kepler-976, Mass: 577431.0Kg, Radius: 1.7303604E30Km, Temp: 5232.0C, PictureURL: http://bit.ly/336nzNZ,[
Name: Kepler-976 b, Mass: 25236.676Kg, Radius: 0.0Km, SemiMajorAxis: 0.0, Eccentricity: 0.0, OrbitalPeriod: 105.9564148, PictureURL: http://bit.ly/2Q2PngD]

Kepler-207 System,http://bit.ly/2Iz4jPB,

Name: Kepler-207, Mass: 1106163.0Kg, Radius: 0.0Km, Temp: 5920.0C, PictureURL: http://bit.ly/336nzNZ,[
Name: Kepler-207 b, Mass: 10008.880000000001Kg, Radius: 0.0Km, SemiMajorAxis: 4338338.259000001, Eccentricity: 0.0, OrbitalPeriod: 1.611865, PictureURL: http://bit.ly/2Q2PngD, 
Name: Kepler-207 c, Mass: 9579.928Kg, Radius: 0.0Km, SemiMajorAxis: 6582306.324, Eccentricity: 0.0, OrbitalPeriod: 3.071571, PictureURL: http://bit.ly/2Q2PngD, 
Name: Kepler-207 d, Mass: 21090.14Kg, Radius: 0.0Km, SemiMajorAxis: 1.0172655228E7, Eccentricity: 0.0, OrbitalPeriod: 5.868075, PictureURL: http://bit.ly/2Q2PngD]

LkCa 15 System,http://bit.ly/2Iz4jPB,

Name: LkCa 15, Mass: 0.0Kg, Radius: 0.0Km, Temp: 0.0C, PictureURL: http://bit.ly/336nzNZ,[
Name: LkCa 15 b, Mass: 0.0Kg, Radius: 0.0Km, SemiMajorAxis: 2.1990887037E9, Eccentricity: 0.0, OrbitalPeriod: 0.0, PictureURL: http://bit.ly/2Q2PngD, 
Name: LkCa 15 c, Mass: 0.0Kg, Radius: 0.0Km, SemiMajorAxis: 2.7825204006000004E9, Eccentricity: 0.0, OrbitalPeriod: 0.0, PictureURL: http://bit.ly/2Q2PngD]

11 UMi System,http://bit.ly/2Iz4jPB,

Name: 11 UMi, Mass: 2.0724903E7Kg, Radius: 5.5291976E30Km, Temp: 4213.0C, PictureURL: http://bit.ly/336nzNZ,[
Name: 11 UMi b, Mass: 0.0Kg, Radius: 2.797652E28Km, SemiMajorAxis: 2.2888474263E8, Eccentricity: 0.08, OrbitalPeriod: 516.21997, PictureURL: http://bit.ly/2Q2PngD]

HD 178911 B System,http://bit.ly/2Iz4jPB,

Name: HD 178911 B, Mass: 751356.0Kg, Radius: 2.4662608E30Km, Temp: 5588.0C, PictureURL: http://bit.ly/336nzNZ,[
Name: HD 178911 B b, Mass: 0.0Kg, Radius: 1.524094E28Km, SemiMajorAxis: 5.086327614E7, Eccentricity: 0.11, OrbitalPeriod: 71.484, PictureURL: http://bit.ly/2Q2PngD]

Kepler-1051 System,http://bit.ly/2Iz4jPB,

Name: Kepler-1051, Mass: 1203561.0Kg, Radius: 2.8441556E30Km, Temp: 6675.0C, PictureURL: http://bit.ly/336nzNZ,[
Name: Kepler-1051 b, Mass: 21662.076Kg, Radius: 0.0Km, SemiMajorAxis: 0.0, Eccentricity: 0.0, OrbitalPeriod: 25.96200249, PictureURL: http://bit.ly/2Q2PngD]

Kepler-1062 System,http://bit.ly/2Iz4jPB,

Name: Kepler-1062, Mass: 486989.99999999994Kg, Radius: 1.49169E30Km, Temp: 4597.0C, PictureURL: http://bit.ly/336nzNZ,[
Name: Kepler-1062 b, Mass: 11224.244Kg, Radius: 0.0Km, SemiMajorAxis: 0.0, Eccentricity: 0.0, OrbitalPeriod: 9.30412078, PictureURL: http://bit.ly/2Q2PngD]

Kepler-111 System,http://bit.ly/2Iz4jPB,

Name: Kepler-111, Mass: 807012.0Kg, Radius: 0.0Km, Temp: 5952.0C, PictureURL: http://bit.ly/336nzNZ,[
Name: Kepler-111 b, Mass: 10080.372Kg, Radius: 0.0Km, SemiMajorAxis: 6881502.066, Eccentricity: 0.0, OrbitalPeriod: 3.341815, PictureURL: http://bit.ly/2Q2PngD, 
Name: Kepler-111 c, Mass: 46541.292Kg, Radius: 0.0Km, SemiMajorAxis: 1.13843979831E8, Eccentricity: 0.0, OrbitalPeriod: 224.784608, PictureURL: http://bit.ly/2Q2PngD]

Kepler-880 System,http://bit.ly/2Iz4jPB,

Name: Kepler-880, Mass: 1210518.0Kg, Radius: 2.9038232E30Km, Temp: 6761.0C, PictureURL: http://bit.ly/336nzNZ,[
Name: Kepler-880 b, Mass: 16943.604Kg, Radius: 0.0Km, SemiMajorAxis: 0.0, Eccentricity: 0.0, OrbitalPeriod: 7.71468975, PictureURL: http://bit.ly/2Q2PngD]

OGLE-2015-BLG-0051L System,http://bit.ly/2Iz4jPB,

Name: OGLE-2015-BLG-0051L, Mass: 0.0Kg, Radius: 1.98892E29Km, Temp: 0.0C, PictureURL: http://bit.ly/336nzNZ,[
Name: OGLE-2015-BLG-0051L b, Mass: 0.0Kg, Radius: 1.36656E27Km, SemiMajorAxis: 1.0920644583E8, Eccentricity: 0.0, OrbitalPeriod: 0.0, PictureURL: http://bit.ly/2Q2PngD]

Kepler-413 System,http://bit.ly/2Iz4jPB,

Name: Kepler-413, Mass: 542646.0Kg, Radius: 1.6309143999999998E30Km, Temp: 4700.0C, PictureURL: http://bit.ly/336nzNZ,[
Name: Kepler-413 b, Mass: 27738.896Kg, Radius: 4.00478E26Km, SemiMajorAxis: 5.31521235663E7, Eccentricity: 0.1181, OrbitalPeriod: 66.262, PictureURL: http://bit.ly/2Q2PngD]

Kepler-11 System,http://bit.ly/39z5RVD,

Name: Kepler-11, Mass: 737442.0Kg, Radius: 1.9093631999999998E30Km, Temp: 5663.0C, PictureURL: http://bit.ly/2Iz4jPB,[
Name: Kepler-11 b, Mass: 11510.212Kg, Radius: 1.1388E25Km, SemiMajorAxis: 1.3613406261E7, Eccentricity: 0.045, OrbitalPeriod: 10.3039, PictureURL: http://bit.ly/2Q2PngD, 
Name: Kepler-11 c, Mass: 18301.952Kg, Radius: 1.7081999999999998E25Km, SemiMajorAxis: 1.6006972196999999E7, Eccentricity: 0.026, OrbitalPeriod: 13.0241, PictureURL: http://bit.ly/2Q2PngD, 
Name: Kepler-11 d, Mass: 19874.776Kg, Radius: 4.3654E25Km, SemiMajorAxis: 2.3187670005E7, Eccentricity: 0.004, OrbitalPeriod: 22.6845, PictureURL: http://bit.ly/2Q2PngD, 
Name: Kepler-11 e, Mass: 26738.008Kg, Radius: 4.745E25Km, SemiMajorAxis: 2.9171584845000003E7, Eccentricity: 0.012, OrbitalPeriod: 31.9996, PictureURL: http://bit.ly/2Q2PngD, 
Name: Kepler-11 f, Mass: 15871.224Kg, Radius: 1.1388E25Km, SemiMajorAxis: 3.739946775E7, Eccentricity: 0.013, OrbitalPeriod: 46.6888, PictureURL: http://bit.ly/2Q2PngD, 
Name: Kepler-11 g, Mass: 21233.124Kg, Radius: 1.49942E26Km, SemiMajorAxis: 6.9712607886E7, Eccentricity: 0.15, OrbitalPeriod: 118.3807, PictureURL: http://bit.ly/2Q2PngD]

WASP-49 System,http://bit.ly/2Iz4jPB,

Name: WASP-49, Mass: 674829.0Kg, Radius: 1.8298064E30Km, Temp: 5600.0C, PictureURL: http://bit.ly/336nzNZ,[
Name: WASP-49 b, Mass: 79356.12000000001Kg, Radius: 7.022599999999999E26Km, SemiMajorAxis: 0.0, Eccentricity: 0.0, OrbitalPeriod: 2.78174, PictureURL: http://bit.ly/2Q2PngD]

K2-11 System,http://bit.ly/2Iz4jPB,

Name: K2-11, Mass: 3582855.0000000005Kg, Radius: 2.685042E30Km, Temp: 5433.0C, PictureURL: http://bit.ly/336nzNZ,[
Name: K2-11 b, Mass: 48185.608Kg, Radius: 0.0Km, SemiMajorAxis: 3.37642394847E7, Eccentricity: 0.0, OrbitalPeriod: 39.93767, PictureURL: http://bit.ly/2Q2PngD]

K2-111 System,http://bit.ly/2Iz4jPB,

Name: K2-111, Mass: 855711.0Kg, Radius: 1.7502496E30Km, Temp: 5730.0C, PictureURL: http://bit.ly/336nzNZ,[
Name: K2-111 b, Mass: 12153.640000000001Kg, Radius: 5.135988E25Km, SemiMajorAxis: 9290027.7891, Eccentricity: 0.0, OrbitalPeriod: 5.35117, PictureURL: http://bit.ly/2Q2PngD]

Kepler-435 System,http://bit.ly/2Iz4jPB,

Name: Kepler-435, Mass: 2233197.0Kg, Radius: 3.0629368E30Km, Temp: 6161.0C, PictureURL: http://bit.ly/336nzNZ,[
Name: Kepler-435 b, Mass: 142269.08Kg, Radius: 1.5943199999999998E27Km, SemiMajorAxis: 1.4181878170799999E7, Eccentricity: 0.114, OrbitalPeriod: 8.6001536, PictureURL: http://bit.ly/2Q2PngD]

WASP-181 System,http://bit.ly/2Iz4jPB,

Name: WASP-181, Mass: 667872.0Kg, Radius: 2.0684768E30Km, Temp: 5839.0C, PictureURL: http://bit.ly/336nzNZ,[
Name: WASP-181 b, Mass: 84646.52799999999Kg, Radius: 5.67502E26Km, SemiMajorAxis: 8118676.45917, Eccentricity: 0.0, OrbitalPeriod: 4.5195064, PictureURL: http://bit.ly/2Q2PngD]

Kepler-1628 System,http://bit.ly/2Iz4jPB,

Name: Kepler-1628, Mass: 361764.0Kg, Radius: 1.093906E30Km, Temp: 3724.0C, PictureURL: http://bit.ly/336nzNZ,[
Name: Kepler-1628 b, Mass: 41036.407999999996Kg, Radius: 0.0Km, SemiMajorAxis: 0.0, Eccentricity: 0.0, OrbitalPeriod: 76.378033, PictureURL: http://bit.ly/2Q2PngD]

Kepler-1592 System,http://bit.ly/2Iz4jPB,

Name: Kepler-1592, Mass: 890496.0Kg, Radius: 2.3469255999999997E30Km, Temp: 6213.0C, PictureURL: http://bit.ly/336nzNZ,[
Name: Kepler-1592 b, Mass: 9794.404Kg, Radius: 0.0Km, SemiMajorAxis: 0.0, Eccentricity: 0.0, OrbitalPeriod: 3.05710069, PictureURL: http://bit.ly/2Q2PngD]

HIP 8541 System,http://bit.ly/2Iz4jPB,

Name: HIP 8541, Mass: 5447331.0Kg, Radius: 2.3270363999999997E30Km, Temp: 4670.0C, PictureURL: http://bit.ly/336nzNZ,[
Name: HIP 8541 b, Mass: 0.0Kg, Radius: 1.0439E28Km, SemiMajorAxis: 4.1887403879999995E8, Eccentricity: 0.16, OrbitalPeriod: 1560.2, PictureURL: http://bit.ly/2Q2PngD]

HD 216435 System,http://bit.ly/2Iz4jPB,

Name: HD 216435, Mass: 0.0Kg, Radius: 2.585596E30Km, Temp: 5999.0C, PictureURL: http://bit.ly/336nzNZ,[
Name: HD 216435 b, Mass: 0.0Kg, Radius: 2.39148E27Km, SemiMajorAxis: 3.8297054976E8, Eccentricity: 0.07, OrbitalPeriod: 1311.0, PictureURL: http://bit.ly/2Q2PngD]

Kepler-1147 System,http://bit.ly/2Iz4jPB,

Name: Kepler-1147, Mass: 793097.9999999999Kg, Radius: 2.1679228E30Km, Temp: 5941.0C, PictureURL: http://bit.ly/336nzNZ,[
Name: Kepler-1147 b, Mass: 16657.636000000002Kg, Radius: 0.0Km, SemiMajorAxis: 0.0, Eccentricity: 0.0, OrbitalPeriod: 10.62784997, PictureURL: http://bit.ly/2Q2PngD]

NGC 2682 Sand 978 System,http://bit.ly/2Iz4jPB,

Name: NGC 2682 Sand 978, Mass: 0.0Kg, Radius: 2.7248204E30Km, Temp: 4200.0C, PictureURL: http://bit.ly/336nzNZ,[
Name: NGC 2682 Sand 978 b, Mass: 0.0Kg, Radius: 4.13764E27Km, SemiMajorAxis: 0.0, Eccentricity: 0.16, OrbitalPeriod: 511.21, PictureURL: http://bit.ly/2Q2PngD]

Kepler-641 System,http://bit.ly/2Iz4jPB,

Name: Kepler-641, Mass: 786140.9999999999Kg, Radius: 2.0286984E30Km, Temp: 5713.0C, PictureURL: http://bit.ly/336nzNZ,[
Name: Kepler-641 b, Mass: 11796.18Kg, Radius: 0.0Km, SemiMajorAxis: 0.0, Eccentricity: 0.0, OrbitalPeriod: 9.48961571, PictureURL: http://bit.ly/2Q2PngD]

GJ 3634 System,http://bit.ly/2Iz4jPB,

Name: GJ 3634, Mass: 299151.0Kg, Radius: 8.95014E29Km, Temp: 0.0C, PictureURL: http://bit.ly/336nzNZ,[
Name: GJ 3634 b, Mass: 0.0Kg, Radius: 4.9348E25Km, SemiMajorAxis: 4293458.8977, Eccentricity: 0.08, OrbitalPeriod: 2.64561, PictureURL: http://bit.ly/2Q2PngD]

Kepler-1606 System,http://bit.ly/2Iz4jPB,

Name: Kepler-1606, Mass: 598302.0Kg, Radius: 1.790028E30Km, Temp: 5422.0C, PictureURL: http://bit.ly/336nzNZ,[
Name: Kepler-1606 b, Mass: 13226.02Kg, Radius: 0.0Km, SemiMajorAxis: 0.0, Eccentricity: 0.0, OrbitalPeriod: 196.435224, PictureURL: http://bit.ly/2Q2PngD]

HD 190647 System,http://bit.ly/2Iz4jPB,

Name: HD 190647, Mass: 960065.9999999999Kg, Radius: 2.1281444E30Km, Temp: 5656.0C, PictureURL: http://bit.ly/336nzNZ,[
Name: HD 190647 b, Mass: 0.0Kg, Radius: 3.76753E27Km, SemiMajorAxis: 3.33752850201E8, Eccentricity: 0.224, OrbitalPeriod: 1176.45, PictureURL: http://bit.ly/2Q2PngD]

Kepler-1158 System,http://bit.ly/2Iz4jPB,

Name: Kepler-1158, Mass: 1356615.0Kg, Radius: 2.8043772E30Km, Temp: 6203.0C, PictureURL: http://bit.ly/336nzNZ,[
Name: Kepler-1158 b, Mass: 14941.828Kg, Radius: 0.0Km, SemiMajorAxis: 0.0, Eccentricity: 0.0, OrbitalPeriod: 13.5396293, PictureURL: http://bit.ly/2Q2PngD]

Kepler-1169 System,http://bit.ly/2Iz4jPB,

Name: Kepler-1169, Mass: 855711.0Kg, Radius: 2.4662608E30Km, Temp: 6191.0C, PictureURL: http://bit.ly/336nzNZ,[
Name: Kepler-1169 b, Mass: 6005.328Kg, Radius: 0.0Km, SemiMajorAxis: 0.0, Eccentricity: 0.0, OrbitalPeriod: 6.11009134, PictureURL: http://bit.ly/2Q2PngD]

Kepler-1617 System,http://bit.ly/2Iz4jPB,

Name: Kepler-1617, Mass: 848754.0Kg, Radius: 2.2872579999999997E30Km, Temp: 6167.0C, PictureURL: http://bit.ly/336nzNZ,[
Name: Kepler-1617 b, Mass: 7649.644Kg, Radius: 0.0Km, SemiMajorAxis: 0.0, Eccentricity: 0.0, OrbitalPeriod: 27.4785572, PictureURL: http://bit.ly/2Q2PngD]

Kepler-630 System,http://bit.ly/2Iz4jPB,

Name: Kepler-630, Mass: 723528.0Kg, Radius: 2.0286984E30Km, Temp: 5829.0C, PictureURL: http://bit.ly/336nzNZ,[
Name: Kepler-630 b, Mass: 20303.728Kg, Radius: 0.0Km, SemiMajorAxis: 0.0, Eccentricity: 0.0, OrbitalPeriod: 161.4743937, PictureURL: http://bit.ly/2Q2PngD]

K2-22 System,http://bit.ly/2Iz4jPB,

Name: K2-22, Mass: 396548.99999999994Kg, Radius: 1.1933519999999999E30Km, Temp: 3830.0C, PictureURL: http://bit.ly/336nzNZ,[
Name: K2-22 b, Mass: 15942.716Kg, Radius: 2.6571999999999995E27Km, SemiMajorAxis: 1316461.2648, Eccentricity: 0.0, OrbitalPeriod: 0.381078, PictureURL: http://bit.ly/2Q2PngD]

Kepler-652 System,http://bit.ly/2Iz4jPB,

Name: Kepler-652, Mass: 612216.0Kg, Radius: 1.9292523999999998E30Km, Temp: 5490.0C, PictureURL: http://bit.ly/336nzNZ,[
Name: Kepler-652 b, Mass: 15871.224Kg, Radius: 0.0Km, SemiMajorAxis: 0.0, Eccentricity: 0.0, OrbitalPeriod: 4.18200253, PictureURL: http://bit.ly/2Q2PngD]

Kepler-905 System,http://bit.ly/2Iz4jPB,

Name: Kepler-905, Mass: 598302.0Kg, Radius: 1.8894739999999998E30Km, Temp: 5461.0C, PictureURL: http://bit.ly/336nzNZ,[
Name: Kepler-905 b, Mass: 9007.992Kg, Radius: 0.0Km, SemiMajorAxis: 0.0, Eccentricity: 0.0, OrbitalPeriod: 5.08274652, PictureURL: http://bit.ly/2Q2PngD]

K2-33 System,http://bit.ly/2Iz4jPB,

Name: K2-33, Mass: 730485.0Kg, Radius: 1.1137952000000001E30Km, Temp: 3540.0C, PictureURL: http://bit.ly/336nzNZ,[
Name: K2-33 b, Mass: 32171.4Kg, Radius: 7.0226E27Km, SemiMajorAxis: 0.0, Eccentricity: 0.0, OrbitalPeriod: 5.424865, PictureURL: http://bit.ly/2Q2PngD]

Kepler-1364 System,http://bit.ly/2Iz4jPB,

Name: Kepler-1364, Mass: 1245303.0Kg, Radius: 2.9634908E30Km, Temp: 6805.0C, PictureURL: http://bit.ly/336nzNZ,[
Name: Kepler-1364 b, Mass: 13726.464Kg, Radius: 0.0Km, SemiMajorAxis: 0.0, Eccentricity: 0.0, OrbitalPeriod: 13.32196237, PictureURL: http://bit.ly/2Q2PngD]

Kepler-663 System,http://bit.ly/2Iz4jPB,

Name: Kepler-663, Mass: 570474.0Kg, Radius: 1.7104712E30Km, Temp: 5264.0C, PictureURL: http://bit.ly/336nzNZ,[
Name: Kepler-663 b, Mass: 16586.144Kg, Radius: 0.0Km, SemiMajorAxis: 0.0, Eccentricity: 0.0, OrbitalPeriod: 4.99678284, PictureURL: http://bit.ly/2Q2PngD]

Kepler-1386 System,http://bit.ly/2Iz4jPB,

Name: Kepler-1386, Mass: 716571.0Kg, Radius: 2.0286984E30Km, Temp: 5733.0C, PictureURL: http://bit.ly/336nzNZ,[
Name: Kepler-1386 b, Mass: 7935.612Kg, Radius: 0.0Km, SemiMajorAxis: 0.0, Eccentricity: 0.0, OrbitalPeriod: 6.73972381, PictureURL: http://bit.ly/2Q2PngD]

Kepler-1375 System,http://bit.ly/2Iz4jPB,

Name: Kepler-1375, Mass: 1238346.0Kg, Radius: 2.9237124E30Km, Temp: 6704.0C, PictureURL: http://bit.ly/336nzNZ,[
Name: Kepler-1375 b, Mass: 11081.26Kg, Radius: 0.0Km, SemiMajorAxis: 0.0, Eccentricity: 0.0, OrbitalPeriod: 3.3004192, PictureURL: http://bit.ly/2Q2PngD]

HD 120084 System,http://bit.ly/2Iz4jPB,

Name: HD 120084, Mass: 6344783.999999999Kg, Radius: 4.7535188E30Km, Temp: 4892.0C, PictureURL: http://bit.ly/336nzNZ,[
Name: HD 120084 b, Mass: 0.0Kg, Radius: 8.541E27Km, SemiMajorAxis: 6.432708453E8, Eccentricity: 0.66, OrbitalPeriod: 2082.0, PictureURL: http://bit.ly/2Q2PngD]

